,Cities,Countries,Latitude,Longitude,Temperature (C),Humidity (%),Cloudiness (%),Wind Speed (km/h)
0,puerto ayora,ec,-0.74,-90.35,18.89,95,13,2.68
1,saint-francois,gp,16.25,-61.27,27,83,34,2.1
3,atuona,pf,-9.8,-139.03,26.68,74,1,7.211
4,thompson,ca,55.74,-97.86,7,75,90,5.1
5,manavalakurichi,in,8.13,77.3,28,83,40,2.1
6,albany,au,-35.02,117.88,13,87,75,7.2
7,bluff,nz,-46.6,168.33,8.89,67,0,8.05
8,hilo,us,19.71,-155.08,29,62,20,3.6
9,bambous virieux,mu,-20.34,57.76,23.33,94,40,3.1
10,rikitea,pf,-23.12,-134.97,21.17,80,100,10.6
12,poum,nc,-20.23,164.02,22.13,70,10,4.93
13,taltal,cl,-25.41,-70.49,9.63,86,0,0.28
14,berlevag,no,70.86,29.09,5.68,69,100,3.531
15,port lincoln,au,-34.72,135.86,19.28,56,90,9.89
16,pevek,ru,69.7,170.27,-1.57,87,100,13.04
17,tasiilaq,gl,65.61,-37.64,5,80,100,17.5
18,lubliniec,pl,50.67,18.68,8.33,87,75,1.5
19,ushuaia,ar,-54.81,-68.31,1,94,75,14.9
20,hithadhoo,mv,-0.6,73.08,27.87,67,100,3.77
21,punta arenas,cl,-53.16,-70.91,3,55,40,6.2
23,alice springs,au,-23.7,133.88,32,11,0,6.7
24,waipawa,nz,-39.94,176.59,14.44,72,100,4.02
25,vestmannaeyjar,is,63.44,-20.27,9.05,87,100,25.6
26,eshowe,za,-28.89,31.46,15.44,93,54,0.79
27,jamestown,sh,-15.94,-5.72,18.36,78,100,7.43
28,new norfolk,au,-42.78,147.06,17.22,30,20,5.7
29,otacilio costa,br,-27.48,-50.12,16.67,99,100,1.34
31,cape town,za,-33.93,18.42,13.33,93,0,2.1
32,qaanaaq,gl,77.48,-69.36,-6.01,98,87,0.71
34,andilamena,mg,-17.01,48.57,16.31,88,69,2.98
35,ribeira grande,pt,38.52,-28.7,20.36,76,98,3.61
36,shahrud,ir,36.42,54.97,4.03,30,0,2.77
37,paamiut,gl,61.99,-49.67,6.44,64,68,2.93
39,eyl,so,7.98,49.82,22.99,90,0,2.35
40,dakar,sn,14.69,-17.45,26,94,100,2.6
41,hasaki,jp,35.73,140.83,31.11,48,40,2.1
42,coihaique,cl,-45.58,-72.07,8,100,0,3.1
43,komsomolskiy,ru,67.55,63.78,0.01,95,100,2
44,tecoanapa,mx,16.99,-99.26,27,83,40,0.68
45,marfino,ru,56.07,37.56,7.22,86,75,2
46,avarua,ck,-21.21,-159.78,21,83,100,4.1
48,barrow,us,39.51,-90.4,15,81,1,3.6
49,east london,za,-33.02,27.91,18.04,76,94,1.096
50,arraial do cabo,br,-22.97,-42.02,22.33,79,0,10.38
51,touros,br,-5.2,-35.46,22,88,20,2.1
52,dikson,ru,73.51,80.55,-3.57,86,100,10.23
53,nanortalik,gl,60.14,-45.24,7.72,52,100,3.48
54,zhigansk,ru,66.77,123.37,-2.4,60,0,4.2
55,faanui,pf,-16.48,-151.75,26.26,81,73,3.62
56,bugiri,ug,0.57,33.75,19.63,78,100,1.89
57,bethel,us,60.79,-161.76,7,56,75,5.7
58,port elizabeth,za,-33.92,25.57,11,93,0,1.5
59,nikolskoye,ru,59.7,30.79,2,80,90,4
60,saint-philippe,re,-21.36,55.77,23,73,0,2.6
61,lara,au,-38.02,144.41,20.56,76,100,3.6
62,yingcheng,cn,30.93,113.57,22,68,100,5
63,port alfred,za,-33.59,26.89,14.44,87,25,0.45
64,kapaa,us,22.08,-159.32,30,66,20,6.2
65,tuensang,in,26.24,94.81,19.77,85,87,0.296
66,hermanus,za,-34.42,19.24,12.22,95,0,0.89
67,busselton,au,-33.64,115.35,19.44,46,83,7.65
68,alzano lombardo,it,45.73,9.73,13,87,0,2.1
69,rognan,no,67.1,15.4,-2,79,40,3.6
70,vaini,to,-21.2,-175.2,24,69,75,4.1
71,cabo san lucas,mx,22.89,-109.91,28.33,69,20,3.1
72,provideniya,ru,64.42,-173.23,-2.68,94,100,15.5
73,salalah,om,17.01,54.1,26,78,40,1
74,korla,cn,41.76,86.15,10.38,33,100,2.06
76,aswan,eg,24.09,32.9,29,28,0,2.6
77,mar del plata,ar,-46.43,-67.52,9.53,44,21,3.23
78,beisfjord,no,68.38,17.6,3.33,90,81,4.6
79,tiptur,in,13.26,76.47,23.25,76,13,0.77
81,castro,cl,-42.48,-73.76,5,93,75,1.5
82,lorengau,pg,-2.02,147.27,28.15,75,99,5.609
83,cockburn town,tc,21.46,-71.14,27.77,77,100,5.79
84,luderitz,na,-26.65,15.16,11,93,0,1
85,orai,in,25.99,79.45,27.67,64,93,1.41
86,amahai,id,-3.31,129,26.1,84,38,4.64
87,yarada,in,17.65,83.27,28,78,40,1
88,tocache,pe,-8.19,-76.51,18.68,84,4,0.791
90,bredasdorp,za,-34.53,20.04,8,87,19,0.98
92,liverpool,ca,44.04,-64.71,5,86,30,1.79
93,necochea,ar,-38.55,-58.74,9.44,96,67,0.89
94,hobart,au,-42.88,147.33,17.22,30,20,5.7
95,zarichne,ua,51.81,26.13,5.11,83,100,0.99
96,longyearbyen,sj,78.22,15.64,0,88,75,3.6
97,sola,vu,-13.88,167.55,26.06,84,100,11.43
98,esperance,au,-33.86,121.89,17,82,90,11.3
99,chenghai,cn,23.46,116.77,31,58,0,2
100,ostrovnoy,ru,68.05,39.51,1.13,81,100,9.88
101,olga,ru,43.74,135.29,8.9,56,97,4.07
102,chokurdakh,ru,70.62,147.9,-1.21,96,100,7.92
104,acari,pe,-15.44,-74.62,14.64,90,100,11.34
105,ouegoa,nc,-20.34,164.44,22.13,70,10,4.93
106,georgetown,sh,-7.93,-14.42,23,78,75,7.2
107,malanje,ao,-9.54,16.35,17.35,96,91,0.77
108,qaqortoq,gl,60.72,-46.03,12,23,100,12.9
109,ghotki,pk,28.01,69.32,24,83,40,3.1
110,matamoros,mx,25.53,-103.23,29,30,5,1.5
111,cherskiy,ru,68.75,161.3,-3.37,91,100,6.1
112,belmonte,br,-26.84,-53.58,19.42,98,3,0.68
113,stuttgart,us,34.5,-91.55,22.22,60,1,4.1
115,olden,no,61.84,6.81,0,93,0,0.45
116,saldanha,za,-33.01,17.94,10,81,0,1
117,mosquera,co,4.71,-74.23,12,87,40,2.1
118,hobyo,so,5.35,48.53,25.21,90,2,2.96
119,pringsewu,id,-5.36,104.98,28.4,60,20,2.93
120,tuktoyaktuk,ca,69.44,-133.03,2,93,75,6.2
121,ilulissat,gl,69.22,-51.1,4,64,90,0.5
122,horki,by,54.29,30.98,2.83,96,15,1.428
123,yerofey pavlovich,ru,53.97,121.97,7.83,45,36,3.28
124,butaritari,ki,3.07,172.79,28.42,72,100,6.156
125,bakchar,ru,57.02,82.07,6.79,93,100,2.67
126,tromso,no,69.65,18.96,3,86,75,8.7
127,kedrovyy,ru,56.17,91.82,10,86,40,6
128,talnakh,ru,69.49,88.39,0,80,75,5
129,rosetta,eg,31.4,30.42,21,83,0,1.5
130,novodugino,ru,55.63,34.3,3.04,95,1,2.804
131,cooma,au,-36.24,149.13,15,54,27,3.6
132,margate,za,-30.86,30.37,15.83,85,100,0.37
133,cluses,fr,46.06,6.58,13,100,90,1
134,miedzychod,pl,52.6,15.9,7.22,93,75,5.7
135,turayf,sa,31.68,38.65,17,25,0,1.5
136,fort frances,ca,48.61,-93.4,6.67,75,90,3.6
137,souillac,mu,-20.52,57.52,23.33,94,40,3.1
138,hukuntsi,bw,-23.98,21.76,16.9,20,26,2.55
139,nemuro,jp,43.32,145.57,15,87,75,3.6
140,sitka,us,37.17,-99.65,15,96,93,10.73
141,aban,ru,56.67,96.06,6.12,86,100,5.56
142,balikpapan,id,-1.24,116.86,29.43,60,38,2.06
143,pedernales,do,18.04,-71.74,28.54,75,100,2.69
144,maniitsoq,gl,65.42,-52.9,7.13,53,100,5.77
146,mogadishu,so,2.04,45.34,24.73,88,0,2.91
147,altoona,us,40.52,-78.39,9,75,1,2.1
148,neftcala,az,39.37,49.25,17.47,70,0,1.81
149,carnarvon,au,-24.87,113.63,22,53,40,7.7
150,yulara,au,-25.24,130.99,35,9,0,5.1
151,ancud,cl,-41.87,-73.83,5,93,75,1.5
152,karratha,au,-20.74,116.85,33.55,13,0,1.7
153,krasnovishersk,ru,60.4,57.08,11.1,94,100,4.93
155,sivaki,ru,52.63,126.75,8.23,44,57,2.91
156,grand gaube,mu,-20.01,57.66,23.33,94,40,3.1
159,yellowknife,ca,62.45,-114.38,6,93,90,6.2
160,edson,ca,53.59,-116.44,8,63,90,2.6
161,kaitangata,nz,-46.28,169.85,10.56,43,44,9.39
162,chuy,uy,-33.69,-53.46,14.65,98,100,3.4
163,birjand,ir,32.86,59.22,13,32,0,3.1
164,guerrero negro,mx,27.97,-114.04,20.21,76,0,5.54
165,harrison,us,39.26,-84.82,15,66,1,2.1
166,banda aceh,id,5.56,95.32,26.58,80,100,4.65
167,panzhihua,cn,26.59,101.72,22.71,74,72,0.45
168,nileshwar,in,12.25,75.1,26,94,20,1
169,isangel,vu,-19.55,169.27,27,54,100,6.2
170,taoudenni,ml,22.68,-3.98,27.8,15,0,4.28
171,maumere,id,-8.63,122.22,27.93,55,0,3.03
172,tuy hoa,vn,13.08,109.3,27.13,77,18,1.027
173,beipiao,cn,41.8,120.76,11.52,26,0,6.07
174,suntar,ru,62.16,117.65,0.41,90,100,2.63
176,vila velha,br,-3.71,-38.6,27,74,75,6.2
177,along,in,28.17,94.8,17.18,85,67,1.36
178,teya,ru,60.37,92.63,1.71,72,95,4.75
179,cairns,au,-16.92,145.77,28.89,47,40,10.3
180,norman wells,ca,65.28,-126.83,7,82,20,2.6
181,lebu,cl,-37.62,-73.65,10.29,72,8,8.33
182,barsovo,ru,61.17,73.17,4,86,0,2
183,boras,se,57.72,12.94,0,92,0,3.1
185,khatanga,ru,71.98,102.47,-4.47,74,100,7.63
186,fethiye,tr,36.62,29.12,24,78,75,3.6
188,upernavik,gl,72.79,-56.15,0.53,73,100,1.673
189,geraldton,au,-28.77,114.6,20,64,75,7.7
190,boyolangu,id,-8.09,111.9,29.94,36,0,5.34
191,gharghoda,in,22.18,83.36,27.29,69,6,1.613
193,bathsheba,bb,13.22,-59.52,28,78,40,6.7
194,porto velho,br,-8.75,-63.87,24,94,40,1.5
195,asosa,et,10.07,34.53,18.34,75,100,1.82
196,dong hoi,vn,17.48,106.6,28.9,68,100,2.764
197,sturgeon bay,us,44.83,-87.38,10,81,90,4.88
198,ende,id,-8.84,121.65,25.97,78,0,4.75
199,tuatapere,nz,-46.13,167.69,8.89,67,0,8.05
200,torbay,ca,47.66,-52.73,3.89,69,75,2.6
201,barcelos,br,-0.97,-62.93,22.67,93,27,1.25
202,saint george,bm,32.38,-64.68,25.56,91,0,3.13
203,grants,us,35.15,-107.85,14,54,1,2.6
205,tiksi,ru,71.64,128.87,-6.42,88,99,13.31
207,kasongo-lunda,cd,-6.48,16.82,19.94,91,100,0.36
209,sandpoint,us,48.28,-116.55,7,81,90,2.6
210,constitucion,mx,23.99,-104.67,18.89,59,75,3.6
212,beeville,us,28.4,-97.75,27.78,87,0,1.79
213,tual,id,-5.67,132.75,26.24,82,41,7.93
214,tura,ru,64.27,100.22,3.18,81,100,7.2
215,lashio,mm,22.93,97.75,25.64,69,61,0.42
216,abha,sa,18.22,42.5,17,38,0,3.42
217,kodiak,us,39.95,-94.76,13.33,76,1,4.1
220,seoul,kr,37.57,126.98,22,64,75,1.5
221,san cristobal,ec,-1.02,-79.44,24.14,73,6,1.08
222,paungde,mm,18.49,95.51,27.48,83,31,2.36
223,road town,vg,18.42,-64.62,28,83,20,1.5
224,gushikawa,jp,26.35,127.87,29,62,20,6.7
225,oistins,bb,13.07,-59.53,28,78,40,6.7
226,borogontsy,ru,62.67,131.17,-0.25,51,67,2.889
227,los llanos de aridane,es,28.66,-17.92,23,73,90,6.2
228,nouadhibou,mr,20.93,-17.03,20.27,88,0,11.12
229,kysyl-syr,ru,63.9,122.77,-0.48,85,86,2.222
230,urucara,br,-2.54,-57.76,25.07,72,73,1.03
231,clyde river,ca,70.47,-68.59,-1,86,90,2.6
232,alexandria,us,38.81,-77.05,15,47,1,3.6
235,hirara,jp,24.8,125.28,29,74,40,6.2
237,chengde,cn,40.97,117.93,11.61,26,0,3.3
238,yatou,cn,33.81,104.32,12.33,63,85,1.11
239,ken caryl,us,39.58,-105.11,19,66,1,3.431
240,chernogorsk,ru,53.83,91.31,10,39,0,5
241,hay river,ca,60.82,-115.79,7,100,90,3.6
242,vanderhoof,ca,54.02,-124.02,5.93,72,100,3.62
243,kashi,cn,39.45,75.98,14,54,20,5
244,camacha,pt,33.08,-16.33,23,94,40,4.1
245,banepa,np,27.63,85.52,21,88,40,1.22
246,heerenveen,nl,52.96,5.93,8.89,100,9,1.5
247,watsa,cd,3.04,29.53,17.16,98,100,0.75
248,changji,cn,32.07,116.17,16.11,81,100,7.18
250,san angelo,us,31.46,-100.44,26.67,50,1,2.1
251,fortuna,us,40.6,-124.16,13.33,87,1,4.1
252,cuamba,mz,-14.8,36.54,19.97,80,0,1.4
253,frunze,ua,46.83,29.88,9.43,75,100,2.09
254,pontes e lacerda,br,-15.23,-59.33,23.17,87,91,0.567
255,bremerton,us,38.4,-75.51,16,58,1,4.1
256,victoria,sc,-4.62,55.45,27,83,40,4.6
257,fuerte,ph,17.54,120.36,27.39,77,0,3.05
258,clinton,us,30.87,-91.02,25.56,88,1,4.1
259,sur,om,22.57,59.53,27.89,64,0,5.56
261,port blair,in,11.67,92.75,27.96,66,63,2.08
262,portland,au,-33.35,149.98,19.44,98,6,1.79
263,saint-augustin,ca,45.63,-73.98,5,84,5,1.5
264,aksu,cn,41.12,80.26,17,43,100,1.57
265,tateyama,jp,36.66,137.31,24.44,64,40,1.5
266,kaduna,ng,10.52,7.44,20.38,97,100,0.7
268,yumen,cn,40.29,97.04,9.73,33,100,8.9
269,dzaoudzi,yt,-12.79,45.27,25,88,0,1.5
270,riyadh,sa,24.63,46.72,28,32,0,2.6
272,salekhard,ru,66.54,66.62,0.07,89,17,3.08
273,kyabram,au,-36.31,145.05,25.56,31,98,4.18
274,sao felix do xingu,br,-6.64,-51.99,20.97,96,100,1.34
275,bima,id,-8.45,118.73,35.84,26,0,1.77
276,pisco,pe,-13.71,-76.2,17,82,40,3.1
277,umm kaddadah,sd,13.6,26.69,23.7,67,100,4.91
278,andapa,mg,-14.66,49.65,15.66,94,31,1.36
279,sinnamary,gf,5.38,-52.96,27.42,79,0,5.41
280,hachinohe,jp,40.47,141.48,23,49,75,12.9
281,moose factory,ca,51.26,-80.61,1,100,1,1.5
283,kloulklubed,pw,7.04,134.26,30,74,75,5.7
284,uberaba,br,-19.75,-47.94,27,36,0,4.6
285,lumby,ca,50.25,-118.97,9,87,90,1
287,smidovich,ru,48.6,133.81,9.8,37,0,2.86
289,saskylakh,ru,71.97,114.09,-8.05,89,0,2.27
290,selizharovo,ru,56.86,33.45,2.75,93,98,2.06
291,mumbwa,zm,-14.99,27.06,18.19,74,27,2.602
292,baykit,ru,61.68,96.39,-0.92,82,62,5.54
293,pastavy,by,55.11,26.84,1.91,98,27,2.57
294,diffa,ne,13.32,12.61,29.18,47,97,3.948
295,uarini,br,-2.98,-65.16,22.89,97,100,1.2
296,bagado,co,5.41,-76.42,23.16,97,100,0.92
297,afrikanda,ru,67.44,32.78,-0.16,83,100,6.2
298,olovyannaya,ru,50.94,115.59,10.23,38,0,4.56
299,praia da vitoria,pt,38.73,-27.07,20,94,75,6.8
300,kamennogorsk,ru,60.95,29.13,1.67,92,75,3.6
301,kiruna,se,67.86,20.23,0,75,42,2.6
302,mecca,sa,21.43,39.83,25.08,77,0,1.08
304,narsaq,gl,60.91,-46.05,12,23,100,12.9
305,kenai,us,60.55,-151.26,13,71,40,17
306,beni,cd,0.49,29.47,16.67,99,100,0.63
308,yarkovo,ru,54.81,82.6,7,75,0,2
309,kruisfontein,za,-34,24.73,10.15,88,0,1.06
310,lilongwe,mw,-13.97,33.79,16.8,87,39,2.11
311,mampong,gh,7.06,-1.4,21.09,99,73,1.43
312,mountain home,us,43.13,-115.69,8,61,1,3.2
313,husavik,is,66.04,-17.34,8,52,33,5.1
314,bibiani,gh,6.45,-2.31,21.27,99,46,1
315,kisangani,cd,0.52,25.21,20.85,98,100,0.74
316,broome,au,-17.97,122.23,31,43,85,6.2
317,burnie,au,-41.05,145.91,13.89,64,100,5.36
318,daru,pg,-9.07,143.21,26.55,74,97,5.78
319,coahuayana,mx,18.62,-100.35,22.69,90,67,0.87
320,chegdomyn,ru,51.13,133.04,8.95,32,0,0.866
322,ryotsu,jp,38.08,138.43,23,69,100,2.1
323,conde,br,-11.81,-37.61,20,97,6,1.36
324,veraval,in,20.9,70.37,27.13,75,87,3.38
326,junction city,us,39.03,-96.83,14,87,90,3.1
327,pacific grove,us,36.62,-121.92,17.78,48,1,1.5
328,bajil,ye,15.06,43.29,30.35,68,0,1.31
330,nome,us,30.04,-94.42,26.67,83,40,2.1
331,worland,us,44.02,-107.96,9,86,90,4.91
332,sorsk,ru,54,90.25,4.74,57,100,2.61
333,ekhabi,ru,53.51,142.97,6.78,44,0,1.85
334,beloha,mg,-25.17,45.06,19.04,71,0,1.293
335,ust-maya,ru,60.42,134.54,1.36,51,22,2.22
336,jiuquan,cn,39.73,98.49,8.61,44,100,3.69
339,sarakhs,ir,36.54,61.16,10,22,0,1.294
340,caravelas,br,-17.73,-39.27,23.43,82,100,6.4
341,axim,gh,4.87,-2.24,24.69,88,89,5.98
342,namatanai,pg,-3.66,152.44,29.24,64,48,2.539
343,fort nelson,ca,58.81,-122.69,6,93,90,2.1
344,makakilo city,us,21.35,-158.09,29.44,61,40,4.6
345,tshikapa,cd,-6.42,20.79,20.17,95,100,0.83
346,lakatoro,vu,-16.11,167.42,27,78,99,7.2
347,fairbanks,us,64.84,-147.72,5,86,90,8.7
348,dovolnoye,ru,54.5,79.67,10.84,80,76,5.5
349,mehamn,no,71.03,27.85,2.7,82,100,2.724
350,pochutla,mx,15.74,-96.47,29,70,40,1.26
351,srednekolymsk,ru,67.46,153.71,-1.99,68,100,7.48
352,millau,fr,44.1,3.08,10,100,90,3.6
353,monrovia,lr,6.33,-10.8,24,94,40,1.95
354,malaya serdoba,ru,52.47,44.96,14.2,74,100,9.14
356,vilyuysk,ru,63.75,121.63,0.5,84,100,1.89
358,porto santo,pt,33.07,-16.34,23,94,40,4.1
359,darhan,mn,49.49,105.92,5.67,46,0,3.83
360,tevaitoa,pf,-16.78,-151.5,26.44,78,79,3.44
361,honiara,sb,-9.43,159.96,31,70,20,4.6
362,severo-yeniseyskiy,ru,60.37,93.04,1.38,74,100,5.33
363,alenquer,br,-1.95,-54.74,24,94,0,0.5
364,awjilah,ly,29.14,21.3,20.97,73,0,7.309
366,san rafael,ar,-34.61,-68.33,9.48,30,0,3.159
369,deniliquin,au,-35.53,144.96,28.19,35,97,6.09
371,erechim,br,-27.64,-52.27,20,94,0,3.1
372,raudeberg,no,61.99,5.14,6,75,0,4.1
373,mandalgovi,mn,45.76,106.27,5.93,29,81,5.37
374,iqaluit,ca,63.75,-68.52,1,74,75,6.2
375,antalaha,mg,-14.9,50.28,18.36,98,24,1.78
376,impfondo,cg,1.64,18.07,20.5,96,70,0.43
377,chifeng,cn,42.27,118.96,9.2,31,0,5.06
378,taldan,ru,53.69,124.82,6.31,46,92,1.62
379,stepnyak,kz,52.83,70.79,10.87,72,51,2.36
380,arman,ru,59.7,150.17,-2.55,68,0,0.97
381,bom jesus,br,-9.08,-44.36,24.26,51,17,0.52
382,shache,cn,38.42,77.24,16.83,43,60,5.325
383,havre-saint-pierre,ca,50.23,-63.6,2,74,40,2.1
384,ponta do sol,cv,17.2,-25.09,26,83,40,6.7
386,mayo,ca,63.59,-135.9,4,69,90,1.5
388,vardo,no,70.37,31.11,3.29,84,100,3.52
389,antofagasta,cl,-23.65,-70.4,13,76,90,3.6
390,bilibino,ru,68.06,166.44,-11.77,95,81,2.52
391,gold coast,au,-28,153.41,30.56,64,0,9.8
392,suchil,mx,23.62,-103.92,17.61,54,98,1.95
394,inhambane,mz,-23.87,35.38,21.79,82,0,2.529
395,hongjiang,cn,27.21,109.83,27.17,52,56,2.67
396,santa cruz,cr,10.26,-85.58,26,94,75,1
397,sarkand,kz,45.41,79.91,11.7,40,0,1.5
399,hami,cn,42.84,93.51,16.11,25,100,4.44
400,sao filipe,cv,14.9,-24.5,25.72,81,32,9.35
401,gorokhovets,ru,56.21,42.68,8,93,90,5
402,northport,us,33.23,-87.58,29,54,1,1.5
403,loandjili,cg,-4.77,11.87,25,94,75,3.1
404,mokhsogollokh,ru,61.4,128.95,-0.28,72,94,1.246
406,port hardy,ca,50.7,-127.42,11,93,90,2.1
407,huadian,cn,42.97,126.75,9.08,45,0,2.691
409,biak,id,-0.91,122.88,21.59,87,78,1.64
410,marquette,us,46.54,-87.4,4,86,1,2.6
411,itapecerica da serra,br,-23.72,-46.85,22.22,82,20,2.6
412,biltine,td,14.53,20.93,28.48,56,100,6.02
413,puerto madero,mx,14.72,-92.42,24,100,75,1.99
414,turukhansk,ru,65.8,87.96,1.08,97,100,3.979
415,goundam,ml,16.42,-3.66,32.01,12,0,1.77
416,mehriz,ir,31.58,54.44,18,36,20,2.1
417,ahipara,nz,-35.17,173.16,18.89,80,54,6.46
418,yenotayevka,ru,47.24,47.04,13.84,57,3,5.5
419,price,us,39.6,-110.81,11,23,1,4.1
421,dillon,us,45.22,-112.64,4.44,100,90,3.6
422,oranjemund,na,-28.55,16.43,13.8,88,0,5.77
423,homer,us,59.64,-151.54,11.67,76,90,8.2
424,andenes,no,69.31,16.12,5,80,99,3.6
425,vostok,ru,46.45,135.83,7.78,51,2,2.76
426,suoyarvi,ru,62.08,32.35,-1.01,95,100,4.18
427,pangody,ru,65.85,74.49,0.46,83,19,6.4
428,noumea,nc,-22.28,166.46,27,44,71,7.2
429,padang,id,-0.92,100.36,25.86,86,70,5.61
430,zambezi,zm,-13.55,23.12,19.67,62,0,2.695
431,selma,us,36.57,-119.61,23,34,1,3.6
432,rogaska slatina,si,46.24,15.64,8.33,93,93,1
433,uyuni,bo,-20.46,-66.82,5.17,35,7,0.7
434,mangrol,in,25.33,76.51,26.59,64,11,1.81
435,keti bandar,pk,24.14,67.45,27.62,75,100,4.56
436,cidreira,br,-30.17,-50.22,19.52,97,100,1.46
437,tado,co,5.27,-76.56,22.75,98,100,0.51
438,pangnirtung,ca,66.15,-65.72,-7.28,78,77,2.71
439,fort morgan,us,40.25,-103.8,18,48,1,2.1
440,lagoa,pt,37.14,-8.45,19,68,0,4.1
441,kahului,us,20.89,-156.47,30,58,40,11.3
442,alofi,nu,-19.06,-169.92,25,69,74,7.2
443,harper,lr,4.38,-7.71,24.74,88,99,3.62
444,buala,sb,-8.15,159.59,28.91,68,0,2.21
445,henties bay,na,-22.12,14.28,14.04,89,0,5.58
446,sidhi,in,24.41,81.88,25.95,73,0,1.87
447,cape canaveral,us,28.41,-80.6,28,74,20,4.1
448,ranong,th,9.96,98.62,29,79,40,0.86
449,klaksvik,fo,62.23,-6.59,8,87,46,9.3
450,linxia,cn,35.6,103.21,11.43,68,83,2.98
451,abu dhabi,ae,24.47,54.37,31,52,0,5.7
452,keita,ne,14.76,5.77,28.41,54,91,6.7
453,alekseyevsk,ru,57.84,108.35,5.63,71,63,5.28
454,port keats,au,-14.25,129.55,32.75,41,4,3.98
455,shitkino,ru,56.37,98.35,5.61,85,100,5.725
456,hofn,is,64.25,-15.21,0.75,99,100,8.98
458,knysna,za,-34.04,23.05,11,71,0,2.1
459,madimba,tz,-10.4,40.33,22,94,20,2.6
461,guangyuan,cn,32.43,105.86,15.55,84,100,1.52
462,kutum,sd,14.2,24.66,18.71,83,100,2.15
464,namibe,ao,-15.19,12.15,20.75,80,95,1.95
465,elko,us,40.83,-115.76,6,48,1,1.5
466,kavieng,pg,-2.57,150.8,29.37,66,68,2.876
467,labytnangi,ru,66.66,66.39,-3,93,100,2.06
468,morant bay,jm,17.88,-76.41,28,78,75,3.1
469,genhe,cn,50.78,121.52,7.28,41,28,3.94
470,riohacha,co,11.54,-72.91,25.59,88,100,2.45
471,lubango,ao,-14.92,13.49,17.65,58,73,1.251
472,khovu-aksy,ru,51.13,93.72,4.46,43,53,1.42
473,tautira,pf,-17.73,-149.15,28,69,40,4.1
474,lensk,ru,60.71,114.91,3.55,95,100,3.835
475,ayr,au,-19.58,147.4,25.56,55,13,4.02
476,severo-kurilsk,ru,50.68,156.12,3.05,96,100,9.56
477,northam,au,-31.65,116.67,18,63,90,6.2
478,guiong,ph,6.42,122.03,30,74,75,3.6
480,te anau,nz,-45.41,167.72,6.13,61,84,1.2
481,mahebourg,mu,-20.41,57.7,23.33,94,40,3.1
482,half moon bay,us,37.46,-122.43,18,82,1,6.7
483,chapais,ca,49.78,-74.86,4,86,90,3.1
484,nagato,jp,34.35,131.14,32.22,64,20,3.1
485,mildura,au,-34.18,142.16,31.11,20,100,5.1
486,kirakira,sb,-10.46,161.92,27.81,77,17,2.53
487,wukari,ng,7.87,9.78,22.58,96,100,1.79
488,zheleznodorozhnyy,ru,55.75,38,5,86,0,2
490,kaeo,nz,-35.1,173.78,18.89,80,60,3.5
492,taree,au,-31.91,152.46,21.11,93,90,1
493,lidzbark warminski,pl,54.13,20.58,4.71,92,100,3.71
494,aksarka,ru,66.56,67.8,0.06,87,3,3.59
495,coruripe,br,-10.12,-36.18,19.79,92,0,2.15
496,evensk,ru,61.92,159.24,0.28,39,14,0.726
497,yuzhno-kurilsk,ru,44.03,145.86,14.42,85,100,12.54
498,mizdah,ly,31.45,12.98,13.1,72,0,1.41
499,luwuk,id,-0.95,122.79,21.59,87,78,1.64
500,general roca,ar,-39.03,-67.58,12,46,0,3.6
501,sakaiminato,jp,35.55,133.23,24,57,75,2.1
502,bonavista,ca,48.65,-53.11,3.33,75,90,2.68
503,lugovskoy,ru,56.96,64.53,10,81,100,4
504,toamasina,mg,-18.17,49.38,21,94,40,0.99
505,kota kinabalu,my,5.98,116.07,30,70,75,2.6
506,naze,jp,28.37,129.48,28,61,20,3.6
507,velsk,ru,61.07,42.1,-0.63,96,28,2.25
508,bar harbor,us,44.39,-68.2,6.67,68,1,3.6
509,yinchuan,cn,38.48,106.21,11.96,50,54,2.51
510,nandu,cn,31.44,119.33,21.11,82,90,5
511,longhua,cn,29.21,106.21,21.52,82,96,2.095
512,calama,cl,-22.46,-68.93,11,29,75,5.1
513,jiayuguan,cn,39.77,98.29,8.61,44,100,3.69
514,sawtell,au,-30.38,153.1,22,72,40,7.7
515,sarmanovo,ru,55.25,52.59,15,47,20,9
516,byron bay,au,-28.65,153.62,26,64,85,9.8
517,francisco sa,br,-16.48,-43.49,25,50,0,5.1
518,vereshchagino,ru,58.07,54.67,10.7,79,99,5.27
519,san patricio,mx,19.22,-104.7,29,79,75,2.6
521,kasamwa,tz,-2.84,32.42,19.53,63,34,1.969
522,fallon,us,46.84,-105.12,8.33,87,1,9.8
523,amazar,ru,53.86,120.88,7.82,43,33,2.719
524,champerico,gt,14.3,-91.92,24.44,91,100,2.15
525,leningradskiy,ru,69.38,178.42,3.47,92,100,9.35
526,santiago del estero,ar,-27.8,-64.26,11.48,92,87,2.93
527,texarkana,us,33.44,-94.04,21.67,88,1,2.6
528,dunedin,nz,-45.87,170.5,8.33,72,61,6.71
529,ayorou,ne,14.73,0.92,31.47,39,37,6.43
530,nabire,id,-3.36,135.5,29.75,58,58,1.04
531,anloga,gh,5.79,0.9,25,94,75,3.1
532,calabozo,ve,8.92,-67.43,23.71,94,100,1.89
533,tomatlan,mx,19.93,-105.25,27.09,84,65,2.03
534,bad bevensen,de,53.08,10.57,8,93,100,4.6
535,labuhan,id,-2.54,115.51,33.5,39,44,1.32
536,lavrentiya,ru,65.58,-170.99,-2.12,81,95,5.6
538,alyangula,au,-13.85,136.42,33,41,2,5.7
539,sorong,id,-0.86,131.25,31.89,54,24,1.8
541,shingu,jp,33.72,135.99,26,54,20,6.7
542,wanning,cn,18.8,110.4,29.21,64,0,2.59
543,hutchinson,us,38.06,-97.93,18,88,90,6.2
544,warrington,us,40.25,-75.13,11.11,70,1,2.1
545,kununurra,au,-15.77,128.74,34,38,40,4.6
546,great falls,us,47.5,-111.29,9,75,75,3.1
547,dingle,ie,52.14,-10.27,14.66,93,100,10.53
548,praia,cv,14.92,-23.51,25,83,0,3.1
549,yebaishou,cn,41.4,119.64,11.62,24,0,5.978
550,flinders,au,-34.58,150.85,19.44,77,90,3.1
552,kitimat,ca,54.02,-128.69,9,87,75,7.2
553,rancharia,br,-22.23,-50.89,27,34,0,3.6
554,walvis bay,na,-22.95,14.51,14,87,0,4.6
555,lae,pg,-6.72,146.98,30,62,40,2.6
556,soe,id,-9.86,124.28,34.8,22,0,4.94
557,murray bridge,au,-35.12,139.28,34.44,24,100,1.79
558,christchurch,nz,-43.53,172.64,10.56,75,98,4.6
559,ada,rs,45.81,20.13,8.57,66,6,1.589
560,lar,ir,27.66,54.32,16,93,0,0.67
561,myaundzha,ru,63.05,147.18,-10.82,62,11,1.32
562,santa isabel do rio negro,br,-0.41,-65.02,22.6,97,100,0.47
563,comodoro rivadavia,ar,-45.87,-67.48,13,37,0,5.7
564,timmins,ca,48.48,-81.33,2,100,5,1.5
565,ucluelet,ca,48.94,-125.55,11.67,89,100,1.59
566,huarmey,pe,-10.07,-78.15,16.26,91,76,10.25
567,aripuana,br,-9.17,-60.63,23.59,84,61,1.06
568,mackay,au,-21.15,149.2,27.22,54,0,5.7
569,abonnema,ng,4.71,6.79,24.23,93,100,1.46
570,krasnyy yar,ru,50.7,44.73,13.44,79,96,7.16
571,baruun-urt,mn,46.68,113.28,7.99,29,0,4.81
572,lluta,pe,-16.02,-72.01,12,66,20,1
573,carutapera,br,-1.2,-46.02,25.84,81,66,2.73
574,borba,br,-4.39,-59.59,23.69,92,100,0.45
575,seymchan,ru,62.93,152.39,-7.54,80,87,2.87
576,mount darwin,zw,-16.77,31.58,17.22,84,91,0.96
577,magog,ca,45.27,-72.15,1.67,86,1,1.17
578,adrar,dz,27.87,-0.29,21,25,0,6.2
580,bath,us,40.73,-75.39,10,65,1,3.6
581,havoysund,no,71,24.66,4,86,75,6.2
582,kropotkin,ru,45.43,40.58,17.27,68,72,1.884
583,sao joao da barra,br,-21.64,-41.05,21.4,81,61,2.22
584,hoyanger,no,61.22,6.07,6,75,0,4.1
585,olinda,br,-22.82,-43.41,25,69,0,1.5
587,pokosnoye,ru,55.53,101.05,6.57,60,100,7.72
588,melito di porto salvo,it,37.92,15.77,21.67,64,40,1.5
589,hambantota,lk,6.12,81.12,27,100,75,1.5
590,thunder bay,ca,48.41,-89.26,3.89,93,5,1.32
591,ankang,cn,32.73,108.99,15.26,95,100,1.42
593,nhamunda,br,-2.19,-56.71,26.51,64,95,0.93
594,yelizovo,ru,53.19,158.38,8,36,100,3
596,lienz,at,46.83,12.77,7.22,95,96,2.35
597,ulladulla,au,-35.36,150.48,17.22,77,90,3.1
598,selfoss,is,63.94,-21,9,70,90,12.3
599,yangambi,cd,0.77,24.47,20.39,99,100,0.38
601,grindavik,is,63.84,-22.43,9,87,90,19
602,mirnyy,ru,56.57,36.46,5,85,94,0.99
603,haines junction,ca,60.75,-137.51,-0.45,68,100,3.19
604,qasigiannguit,gl,68.82,-51.19,4,64,100,0.5
605,maldonado,uy,-34.91,-54.96,13,100,90,4.1
